,TotalRobotKm,TotalBikeKm,AvgParcelDelay,DeliveredParcels,RobotQueue,BikeQueue
0,0.7047694267249951,0.12064203014975605,0.0,0,0,0
1,1.0085714234196976,0.3815431164877872,25.0,1,0,0
2,1.8524632009435864,0.5065542744016488,25.0,1,0,0
3,2.713218260719934,0.6674328298545236,25.0,1,0,0
4,3.574794846469357,0.8673823311420046,26.5,2,0,0
5,4.204439476892142,1.163067523732021,26.5,2,0,0
6,5.06218319198054,1.485786823461236,26.5,2,0,0
7,5.638772996514889,1.8228846445942164,30.0,3,0,0
8,6.391017500931701,2.041116723152016,37.5,4,0,0
9,7.152270198616361,2.113563217192038,43.4,5,0,0
10,8.030578438938097,2.2351998055166424,43.4,5,0,0
11,8.500045547462388,2.3993696651788725,46.666666666666664,6,0,0
12,9.193169230697446,2.5353694206202047,40.2,10,0,0
13,9.804563532393042,2.618818383341878,42.09090909090909,11,0,0
14,10.820820425884776,2.722591642131276,39.333333333333336,12,0,0
15,11.385510721386781,3.1052382323417986,39.57142857142857,14,0,0
16,12.185286153695838,3.329569774570478,40.0,15,0,0
17,12.874462338307902,3.5774518795055403,40.0,15,0,0
18,13.601431289387516,3.8807780379583057,38.875,16,0,0
19,14.287781876890087,3.9466335192619497,38.94444444444444,18,0,0
20,14.809264113563856,4.001055443455106,38.94444444444444,18,0,0
21,15.653613780430703,4.040603008026938,38.94444444444444,18,0,0
22,16.262099818126515,4.134497049193662,38.94444444444444,18,0,0
23,16.994884134993953,4.3712090698425925,38.94444444444444,18,0,0
24,17.6656453913955,4.553764956816626,38.94444444444444,18,0,0
25,18.012372419417286,4.756661884779952,38.94444444444444,18,0,0
26,18.5527453121848,4.857125988737154,38.94444444444444,18,0,0
27,18.90872000289356,5.165447287375921,38.0,19,0,0
28,19.300777088105082,5.437843100913522,38.0,19,0,0
29,19.625077413220346,5.647349578046143,38.0,19,0,0
30,20.038817068117655,5.814069021407897,38.0,19,0,0
31,20.239484142763377,5.9248049462435075,36.45,20,0,0
32,20.492031210420734,6.151879623873679,36.45,20,0,0
33,20.729485156256768,6.281555945406331,36.45,20,0,0
34,21.123850262405092,6.441674623546586,36.45,20,0,0
35,21.399723786434627,6.646136763310478,35.61904761904762,21,0,0
36,21.695445602924234,6.7865880201146105,35.61904761904762,21,0,0
37,21.931935052510415,6.824657763567235,35.61904761904762,21,0,0
38,22.23785854765268,6.8635120177716695,35.61904761904762,21,0,0
39,22.433800256539108,7.0212619844450055,34.68181818181818,22,0,0
40,22.672569141642956,7.283353985641819,34.68181818181818,22,0,0
41,22.79556407867219,7.563438162062767,34.68181818181818,22,0,0
42,22.92433631947145,7.73559254619289,34.68181818181818,22,0,0
43,23.080758673540615,7.804086897970705,34.68181818181818,22,0,0
44,23.212407219362635,8.09067204395181,34.68181818181818,22,0,0
45,23.309738657462898,8.424123806919608,34.68181818181818,22,0,0
46,23.450108281019457,8.805979332970896,34.68181818181818,22,0,0
47,23.600636722118708,9.217189929910566,33.82608695652174,23,0,0
48,23.773846223155758,9.747847972867264,33.82608695652174,23,0,0
49,23.942898994348443,10.262600940410792,33.82608695652174,23,0,0
50,24.053767763341384,10.493642188241981,33.82608695652174,23,0,0
51,24.217910177855043,10.810244973195093,33.82608695652174,23,0,0
52,24.36573937970613,11.317678586034793,33.82608695652174,23,0,0
53,24.4997218705331,11.689474805733855,33.82608695652174,23,0,0
54,24.597877238251204,11.956491843653215,33.82608695652174,23,0,0
55,24.7794088717426,12.066269286554222,33.82608695652174,23,0,0
56,24.946075538409264,12.461186363709476,33.82608695652174,23,0,0
57,25.02327635487579,12.69009666259715,33.82608695652174,23,0,0
58,25.10459896670548,13.5096548240169,33.82608695652174,23,0,0
59,25.232224216782566,13.756087398367187,33.82608695652174,23,0,0
60,25.505917491622345,14.275422394224826,31.44,25,0,0
61,25.82419085952746,14.75706702047118,30.26923076923077,26,0,0
62,26.369219762010836,15.372015274376823,29.14814814814815,27,0,0
63,27.284481058752704,16.326268999129226,29.14814814814815,27,0,0
64,28.697012568489075,16.81758830665554,28.107142857142858,28,0,0
65,29.66340576229068,17.45762905793466,27.310344827586206,29,2,0
66,31.34514618502036,18.597883252556866,27.310344827586206,29,3,0
67,32.84696802484199,19.955683188624956,27.310344827586206,29,5,0
68,34.464162469371026,21.364028896308245,25.903225806451612,31,8,0
69,35.814221066536845,22.426671199100593,25.903225806451612,31,11,0
70,37.56334764931006,23.809676082711896,25.903225806451612,31,14,0
71,39.3523511097259,25.39613209630369,25.4375,32,21,0
72,41.036212445697814,27.164742127321713,24.057142857142857,35,30,1
73,42.60107539142064,29.30468887976735,22.605263157894736,38,34,1
74,44.647622742511686,31.31222021718276,21.926829268292682,41,38,1
75,46.146704989082956,33.084240510424465,20.51063829787234,47,43,2
76,47.592969038205055,35.08185364120541,19.50980392156863,51,51,2
77,49.22050834245258,36.60586723388332,19.18867924528302,53,52,2
78,51.20471046361956,37.960078317638356,18.89090909090909,55,57,2
79,52.73337462536728,40.2131151393861,18.736842105263158,57,64,3
80,54.45544649662142,42.07534531059984,18.306451612903224,62,71,4
81,56.052632244492386,43.510618724700095,18.22222222222222,63,78,4
82,58.04034845754791,45.27739489711054,18.075757575757574,66,80,4
83,59.601580492331586,47.2358262796715,18.13235294117647,68,82,5
84,61.53447848287851,48.30549809967934,18.057142857142857,70,87,6
85,63.211431594328424,50.45022836266386,18.08450704225352,71,89,8
86,64.82572750408121,52.37653806600825,18.08450704225352,71,91,10
87,66.58917984910741,54.78532157208896,18.08450704225352,71,95,10
88,68.34111696839156,57.46493459584945,18.08450704225352,71,93,10
89,70.03758833585965,59.11252480969547,18.08450704225352,71,92,12
90,71.51835057029695,60.897097477203914,18.083333333333332,72,98,14
91,73.41684710015109,62.11913017373891,18.094594594594593,74,100,14
92,75.0269522713217,64.69495284385899,18.13157894736842,76,108,17
93,76.86506976045764,67.4112022376055,18.189873417721518,79,118,20
94,78.4678451806592,69.86896659532319,18.25,80,127,20
95,79.89868930516262,72.49892234846327,18.308641975308642,81,132,22
96,81.47520896825381,74.54495064809574,19.397590361445783,83,135,27
97,82.67633528026084,76.4015481469932,19.50574712643678,87,140,28
98,84.42821559817271,77.66550848386704,19.50574712643678,87,148,31
99,85.90354316680309,79.63687338151199,19.730337078651687,89,161,34
100,87.72147642638438,81.7828929618765,19.857142857142858,91,170,35
101,89.27520305227918,83.90397392090902,19.92391304347826,92,175,39
102,90.88048041972769,86.39794470270166,20.260416666666668,96,181,40
103,92.71946070381483,88.61583030543504,20.260416666666668,96,189,43
104,94.43699043093456,90.30130967548284,20.350515463917525,97,198,48
105,95.92940511576342,91.54521781033327,20.510204081632654,98,201,49
106,97.62769198069968,93.3214556803383,20.8,100,206,52
107,99.02994613305573,95.39176047981118,20.831683168316832,101,216,58
108,100.67886710744332,97.92347887145515,21.125,104,225,59
109,102.65344084720893,100.26095002819567,22.47222222222222,108,235,63
110,104.38789800718997,101.91059685692579,23.585585585585587,111,246,66
111,105.99943283208543,103.77056169362045,23.780701754385966,114,255,69
112,107.68811077558269,105.26110405400043,23.93913043478261,115,258,72
113,108.99481002244296,107.06561708236595,23.93913043478261,115,263,76
114,110.83998022990984,109.22812148086187,24.04310344827586,116,264,79
115,112.53687048335262,111.00589446259927,24.533333333333335,120,276,83
116,114.421761415157,112.74932055364651,24.537190082644628,121,287,85
117,116.3312777348697,114.78377501617435,24.57377049180328,122,296,87
118,118.24604334657585,117.12048087203905,24.81451612903226,124,301,91
119,119.9268584659089,118.86775785548882,25.047619047619047,126,308,95
120,121.60572459574868,120.56062285843817,25.550387596899224,129,321,97
121,123.37576443160727,122.39966811006757,25.592307692307692,130,335,99
122,125.262309586865,124.55380423190906,25.592307692307692,130,343,102
123,126.64382051228613,126.38489349063494,25.732824427480917,131,352,104
124,128.17603837975835,128.54671208374788,25.96268656716418,134,365,105
125,129.6857166442727,130.22282799209907,26.022222222222222,135,376,109
126,131.1633652072851,131.96260998198952,26.2992700729927,137,387,114
127,132.80263269862758,133.76382072738917,26.347826086956523,138,401,117
128,134.25519769618975,135.9438698740167,26.55,140,409,120
129,135.81961867505262,137.6676183558278,26.69503546099291,141,426,125
130,137.20998732507428,139.773168767121,26.69503546099291,141,435,129
131,139.00268037870708,142.3105092717558,26.922535211267604,142,440,130
132,141.05505483540844,144.83123411329095,26.922535211267604,142,451,132
133,142.6710811762014,146.96180858184601,27.32638888888889,144,460,136
134,144.16013846853565,149.04683891603804,27.554794520547944,146,474,140
135,145.86943509233197,150.99834643719976,27.783783783783782,148,487,141
136,147.27844935126103,152.66219647143225,28.086666666666666,150,499,145
137,149.08153925378477,154.5595998017,28.276315789473685,152,515,145
138,150.78462691219372,156.2668293503129,28.276315789473685,152,527,150
139,152.56059375007467,158.7120894898562,28.437908496732025,153,533,154
140,154.0194849255786,160.92402154768612,29.044871794871796,156,545,154
141,155.44655074157774,163.44193816132508,29.68354430379747,158,555,156
142,157.38890326877174,165.2286039973829,29.937106918238992,159,568,160
143,159.40140418635298,167.217405599236,30.341614906832298,161,583,163
144,161.10676893668114,169.59181440452292,30.846625766871167,163,590,165
145,162.7106770231826,171.50844397183664,31.042424242424243,165,606,168
146,164.3166088830458,173.0957457053675,31.347305389221557,167,614,170
147,165.85928840153,175.131093622648,31.347305389221557,167,629,174
148,167.65464542287592,177.1459449055998,32.16184971098266,173,639,175
149,169.3587033241408,178.58785716850704,32.16184971098266,173,655,178
150,171.11383511185906,180.62832283473657,32.16184971098266,173,661,180
151,172.8721862733201,183.32162126725865,32.85142857142857,175,666,182
152,174.314334388168,185.59518663927133,33.20338983050848,177,674,184
153,176.25835466736632,188.37240338460637,33.81666666666667,180,677,184
154,177.5833011205257,190.57235410964188,34.59782608695652,184,678,186
155,179.57695531650361,192.2508763749521,34.86021505376344,186,683,190
156,181.5882005255121,194.02608396007417,35.44973544973545,189,694,190
157,183.505135836755,195.89248398006876,36.35233160621762,193,706,193
158,185.26732754670095,198.40982153674673,36.35233160621762,193,723,195
159,187.23839430181482,200.5077995260031,36.35233160621762,193,735,197
160,189.01511251661105,202.30832430738428,36.51030927835052,194,743,200
161,190.54713087033457,204.39076345960441,36.63076923076923,195,756,200
162,192.39006645096444,206.4665072795684,37.27777777777778,198,765,204
163,194.1722712519822,208.5694211890282,37.27777777777778,198,770,208
164,195.94694418445084,210.61000133998354,37.57286432160804,199,778,211
165,197.65766513437964,212.9776145296746,38.21287128712871,202,788,212
166,199.447253868406,215.1759838034769,38.3743842364532,203,798,215
167,201.20465750916816,217.16571189465384,38.980582524271846,206,809,218
168,203.20312952300668,219.43469783912695,39.28019323671498,207,814,220
169,204.5597728921865,221.53293044806574,40.221698113207545,212,817,224
170,206.45338244268086,223.4338492704761,41.465437788018434,217,833,224
171,208.36869471301566,224.79698516813153,42.158371040723985,221,840,228
172,210.13528109540238,226.27221562598334,42.3018018018018,222,842,233
173,212.252218832955,228.16928913724018,42.3018018018018,222,853,236
174,213.96517695424947,230.262385997439,42.745535714285715,224,863,240
175,215.47333919152896,232.13099618054508,43.60526315789474,228,874,244
176,217.02736950822523,233.93625591193245,44.10434782608696,230,885,246
177,218.42311304686515,235.3850287756387,44.508620689655174,232,898,247
178,219.81663524508016,236.6234233060791,45.06410256410256,234,906,251
179,221.5493963033451,238.15242765047992,46.06666666666667,240,910,257
180,223.1293418971435,240.0034043405435,46.50826446280992,242,910,258
181,225.00602037162872,241.22944892565442,46.91803278688525,244,914,258
182,226.78238090601454,243.39576815247048,47.357723577235774,246,914,258
183,228.63131328382934,245.32296885565944,47.81927710843374,249,917,259
184,230.1674148103611,246.96451058660054,48.135458167330675,251,920,261
185,232.1500042350529,248.81498942511323,48.285714285714285,252,923,263
186,233.94835870584495,250.5246674441502,48.65748031496063,254,924,263
187,235.7795270556849,252.44707079827936,48.76862745098039,255,924,264
188,237.3606439860013,254.0799952834583,49.69348659003831,261,922,265
189,238.92720929146986,255.7061570304017,49.69348659003831,261,920,265
190,240.62240623505204,257.9605780523578,50.29433962264151,265,918,265
191,242.7512234232752,259.79477357483063,50.99628252788104,269,916,265
192,244.3275209154977,262.0555172326944,51.13333333333333,270,917,265
193,246.19013056881752,264.11213932220886,51.36764705882353,272,917,265
194,247.82259988054582,266.05053669276833,51.36764705882353,272,917,268
195,249.37474681828064,267.3206079601301,51.48717948717949,273,918,269
196,251.07911408901742,268.92135777252133,51.63503649635037,274,917,269
197,252.8168110390214,271.0868484368185,51.85818181818182,275,919,269
198,254.47028273412639,273.32729354292803,51.85818181818182,275,921,269
199,256.23786605038595,275.5949666542343,51.98550724637681,276,921,269
200,257.8742184321935,277.59740132300203,52.21660649819495,277,923,269
201,259.5412323206179,278.7680475965954,52.21660649819495,277,924,270
202,261.00134373002004,280.05609714063354,52.381294964028775,278,925,271
203,262.7860434009668,281.7590736939772,53.0531914893617,282,925,271
204,264.4211573209972,283.7189436278045,53.41549295774648,284,926,271
205,266.09616667366646,285.5720442773028,53.41549295774648,284,926,272
206,267.5051066244801,287.4045178397994,53.71678321678322,286,926,273
207,269.2556538215575,289.2061872737348,54.43103448275862,290,925,273
208,271.07749959607855,290.97284778146485,54.832191780821915,292,925,272
209,272.46587816888785,293.08450767618916,55.32542372881356,295,925,272
210,274.4336504997436,294.96928269860126,56.02013422818792,298,923,272
211,275.920639048339,296.89960633163855,56.47666666666667,300,924,273
212,277.7136036332277,299.210266604488,56.80132450331126,302,926,272
213,279.40025189191465,301.7525668676607,56.80132450331126,302,924,272
214,281.0972357268423,304.159825696581,56.93729372937294,303,927,272
215,282.73255360047995,305.84613433441774,57.278688524590166,305,930,273
216,284.35886561723663,307.77442209842815,57.278688524590166,305,930,273
217,285.9770926527497,309.92163172139743,57.76623376623377,308,930,274
218,287.383451575293,312.2581554489893,57.909385113268605,309,930,276
219,289.27084356508664,314.772745766668,58.48717948717949,312,930,276
220,290.93233635869143,316.8397672763677,58.48717948717949,312,930,276
221,292.4476179382278,318.5246022437382,58.859872611464965,314,933,277
222,294.14197389607637,320.52408363710356,59.142405063291136,316,931,277
223,295.6570110727691,322.8266920452498,59.846875,320,932,278
224,296.85315357387657,324.3775390530556,60.25776397515528,322,932,279
225,298.708145381598,326.1922197631071,60.54938271604938,324,933,279
226,300.46715731544765,327.73147835789445,60.72615384615385,325,938,281
227,302.33743374144495,329.8602118109973,60.96319018404908,326,935,281
228,304.13776785623156,331.985322614768,61.10703363914373,327,936,281
229,305.80868485754786,333.9481416662495,61.28353658536585,328,936,281
230,307.4863782912951,335.59879961891636,61.46504559270517,329,936,281
231,309.27229517730444,337.2079747227825,62.08132530120482,332,939,282
232,310.8085786315959,339.0849741696372,62.31531531531532,333,937,282
233,312.46647232684256,341.55577672478813,62.31531531531532,333,935,282
234,314.19502095093077,343.73789994196613,62.80059523809524,336,936,282
235,315.8834640019652,346.3066927417958,62.98516320474778,337,935,283
236,317.4502174804502,348.53356142236055,63.22485207100592,338,935,285
237,319.22836641461424,349.91739514392344,63.6,340,935,285
238,320.8303156216752,351.3893158999822,63.6,340,936,285
239,322.5106374788003,352.5974260873966,64.03801169590643,342,935,287
240,324.00756557337365,353.88667776938405,64.19241982507289,343,937,287
241,325.6801042122869,355.7710099105745,64.19241982507289,343,937,288
242,327.5393455578903,358.4640609143227,64.76878612716763,346,937,288
243,329.1143277854615,360.31929218148537,64.76878612716763,346,936,288
244,330.76756570680715,361.8999483921186,65.30085959885386,349,938,288
245,332.5627029042057,363.46373751400665,65.8005698005698,351,937,288
246,334.3363556330107,364.8002192962707,66.44067796610169,354,939,288
247,336.02246872114443,367.095526909416,67.04201680672269,357,940,288
248,337.93593169331916,369.14602863237224,67.63888888888889,360,938,288
249,339.6950683235885,371.0220428069511,67.88642659279779,361,938,287
250,341.1801284879512,372.9460920501567,68.0828729281768,362,937,287
251,342.8033753964251,374.72359179222366,68.24242424242425,363,935,287
252,344.3387898741578,376.93077612520517,68.84972677595628,366,936,289
253,346.08944808708543,378.53958568223896,68.84972677595628,366,938,288
254,347.9871470347059,380.6495933969934,69.04904632152588,367,938,288
255,349.55538614385205,382.6405086602317,69.20923913043478,368,946,288
256,351.4444778839174,384.3770442173525,69.3739837398374,369,946,288
257,353.0961259345405,385.7762931373038,69.62972972972973,370,947,290
258,354.8979975086256,387.59795873175926,70.02956989247312,372,949,292
259,356.5080356288565,389.86682531075127,70.39304812834224,374,949,292
260,358.0028833095815,391.6521857706197,70.55466666666666,375,946,292
261,359.6061900870215,394.0607142462608,70.93103448275862,377,945,292
262,361.3495147388593,396.06827864801835,71.13492063492063,378,945,293
263,362.989172458016,397.82561414957667,71.39313984168865,379,945,292
264,364.79639610980325,399.42639389036185,71.39313984168865,379,944,293
265,366.5792500434489,401.18104007108786,71.86089238845145,381,945,293
266,368.2380397737449,402.44704262025846,72.06806282722513,382,947,294
267,369.5816308269724,404.00397256363647,72.49479166666667,384,951,295
268,371.17770684109666,405.8387475034976,72.7038961038961,385,955,294
269,373.15982395885123,407.74017961681295,73.34536082474227,388,957,294
270,374.9948640183123,409.75616533886597,73.55269922879178,389,957,295
271,376.74371996661955,411.8890223722934,74.66497461928934,394,960,295
272,378.31500558500807,414.17357605700755,74.66497461928934,394,958,295
273,379.84122933603123,416.296767120822,75.41206030150754,398,959,295
274,381.5802834793414,418.7114518488581,76.47146401985111,403,960,294
275,382.97557127119535,420.8792276602387,76.73019801980197,404,960,294
276,384.56389725593027,422.2133666481728,76.93580246913581,405,956,291
277,386.25165682177754,423.77034137272256,77.14285714285714,406,958,291
278,387.76107837595293,425.8552946009348,77.77261613691931,409,960,288
279,389.6914802523666,427.88114480329523,77.77261613691931,409,961,284
280,391.21347990082853,430.1632592250875,78.14598540145985,411,961,284
281,392.7044367428326,432.19297579032275,78.31796116504854,412,962,283
282,394.2139139787177,434.0610426966757,78.95421686746988,415,959,282
283,396.05700706367935,435.90235931205797,79.125,416,957,283
284,397.7391591020826,438.29025035703796,79.3357314148681,417,961,283
285,399.3228798600938,440.92886755853107,79.3357314148681,417,961,283
286,401.199782811542,443.3144888119371,79.3357314148681,417,963,283
287,402.8920274914831,444.89455169622727,79.77565632458234,419,964,284
288,404.5010523170352,446.9114057754856,79.77565632458234,419,964,288
289,405.72995240706405,448.97895788202555,80.43127962085308,422,964,287
290,407.18799070600886,450.27698453969674,80.64302600472813,423,966,288
291,408.80809160098,451.81935619252965,81.02823529411765,425,970,288
292,410.32945313023754,454.22693695251917,81.29577464788733,426,973,288
293,412.17499883913797,456.3528773024992,81.74299065420561,428,972,287
294,413.8761178809611,458.3403250567949,82.35034802784223,431,969,288
295,415.8514612780235,460.32247958980895,82.5324074074074,432,971,289
296,417.4494843242522,462.63371285242124,83.22758620689655,435,973,291
297,419.0478835471502,464.8192011013178,83.7070938215103,437,975,292
298,420.9541907269158,467.172669992722,83.7070938215103,437,979,292
299,422.4850426243324,469.5101101210259,84.15717539863326,439,983,293
300,424.30930129860167,471.508503872581,84.37272727272727,440,984,294
301,425.84677410115575,473.11297708006276,84.63945578231292,441,989,296
302,427.23567564399497,475.2419443364021,85.31306306306307,444,991,296
303,429.017776959693,477.32752151654586,85.97762863534676,447,993,298
304,430.6004411603468,479.41212562824336,86.59777777777778,450,994,298
305,432.28326390125744,481.35825460894927,86.80931263858093,451,996,299
306,433.9459939312796,483.5130782768502,87.5,454,996,301
307,435.5373224781842,485.74590207893704,87.5,454,997,302
308,437.3663435537148,487.6380661643997,87.94956140350877,456,993,302
309,438.9694224752193,489.36820637357266,88.39519650655022,458,996,305
310,440.68129297443016,491.43108737127284,88.78478260869565,460,1000,306
311,442.08421215401324,493.7887037109653,88.99783080260303,461,1003,307
312,443.6211143230582,496.03506415959754,89.65732758620689,464,1004,308
313,445.3865579629356,498.15823170244056,90.73347547974414,469,1007,308
314,447.00055121963317,500.0687842203781,91.29872881355932,472,1008,308
315,448.78489597119767,502.09825063541956,91.97894736842105,475,1016,309
316,450.57622856837895,504.33477411659794,91.97894736842105,475,1017,309
317,452.3869515157156,506.0004749914052,91.97894736842105,475,1017,310
318,453.90686611676983,507.8172734116087,91.97894736842105,475,1025,310
319,455.4947222788525,510.4400622480201,92.19957983193277,476,1030,313
320,457.18590105974647,513.0258834071077,92.19957983193277,476,1034,315
321,458.63958121937924,515.0863869972234,92.41928721174004,477,1038,316
322,460.2224057071236,516.9635020076804,93.89855072463769,483,1043,319
323,461.86173380105186,519.1484479767571,93.89855072463769,483,1046,320
324,463.47514845098726,520.776104405082,94.11570247933884,484,1047,322
325,465.31821326227987,523.3710091276043,94.29690721649484,485,1046,323
326,466.9515162799794,524.8533477858184,94.48148148148148,486,1049,323
327,468.75951881195425,526.5416270340431,94.8811475409836,488,1057,323
328,470.28081094357157,529.0977779907844,95.98985801217039,493,1059,324
329,471.9175985387163,531.1752754919212,96.43636363636364,495,1062,325
330,473.40420025651747,533.2356306312895,96.9738430583501,497,1055,326
331,474.9214060014149,534.5649464135823,97.19277108433735,498,1061,327
332,476.6762110065119,537.1437171405568,97.4629258517034,499,1067,327
333,478.3899511495333,539.7100642871183,97.82435129740519,501,1078,328
334,480.2187483473279,541.8797405470594,98.3638170974155,503,1079,330
335,481.4917335779126,544.335892306493,98.99407114624506,506,1078,330
336,483.1953567002379,546.6472959560194,99.21301775147928,507,1079,330
337,484.7117940153229,548.599558422517,99.65029469548134,509,1084,332
338,486.11625022497464,550.5262442340295,100.10371819960861,511,1086,333
339,488.19475411884326,552.6311700207892,100.375,512,1090,334
340,489.82408542289414,554.5096821288988,100.55555555555556,513,1094,337
341,491.5181392999613,556.3794467252552,100.96116504854369,515,1095,340
342,493.19004646267047,558.2857627597708,101.71814671814671,518,1105,342
343,494.7819652559834,560.2861457688663,102.34165067178503,521,1108,345
344,496.7276404960915,562.8647301740194,102.56130268199233,522,1109,345
345,498.0252823559683,564.9188084462418,103.00763358778626,524,1110,348
346,499.79186224235195,567.4555370509995,103.76091081593928,527,1113,350
347,501.6996711471701,569.8336760883429,103.94507575757575,528,1114,351
348,503.37599876553685,571.8823494071255,104.78007518796993,532,1118,351
349,505.3669689576941,573.9455673983745,105.29588014981273,534,1120,351
350,506.9935337265392,575.7252892908799,105.29588014981273,534,1121,353
351,508.83593314358575,577.6420078481652,105.91620111731844,537,1123,355
352,510.73027759075006,579.3620756973147,105.91620111731844,537,1127,358
353,512.2809548673592,581.4485341735065,105.91620111731844,537,1131,358
354,514.2598379420581,583.1578734069353,106.50740740740741,540,1136,360
355,515.9297428342591,585.3464642833937,106.50740740740741,540,1138,360
356,517.3886298639302,587.5939959952007,106.50740740740741,540,1140,362
357,519.0820344792818,589.803778758824,106.96678966789668,542,1146,363
358,520.7244910246535,592.3502363208501,107.46323529411765,544,1147,365
359,522.2904452005807,594.7316495374067,108.22669104204753,547,1148,365
360,523.8455787963787,596.4625786068262,109.29528985507247,552,1146,365
361,525.2400793758517,597.9450125263202,110.21402877697842,556,1146,365
362,527.0681650736497,600.2477102312985,110.82647584973166,559,1144,365
363,528.6077439010389,602.2010681013866,111.00714285714285,560,1144,365
364,530.2303231488034,604.2824199477974,112.1929203539823,565,1139,365
365,531.892330782096,606.0850562321347,112.67372134038801,567,1140,367
366,533.5090231947772,608.5956469105045,112.67372134038801,567,1139,368
367,535.3677027395141,610.5951960247932,112.89084507042253,568,1140,368
368,537.142219774132,612.7485994784157,113.10720562390158,569,1138,368
369,538.941048807676,615.0897492910196,114.03141361256544,573,1137,368
370,540.6635255008259,617.4599082088195,115.1522491349481,578,1139,368
371,542.5711983538467,619.6893170546853,115.41450777202073,579,1140,368
372,544.6210368210782,621.7467888828385,115.69827586206897,580,1140,368
373,546.0286693611565,623.8268885450927,115.69827586206897,580,1141,369
374,547.8289957577483,625.6172097327113,116.43396226415095,583,1139,369
375,549.3727856691769,628.0679967323969,117.06996587030717,586,1138,369
376,551.0145450579214,629.9978362555153,117.79456706281833,589,1138,369
377,552.2821736007024,631.6695647379801,118.96464646464646,594,1136,369
378,553.9416715563355,633.2463021360794,118.96464646464646,594,1132,369
379,555.6909875480798,635.1232257062201,119.72026800670017,597,1132,369
380,557.5857354943572,637.684076017788,120.45833333333333,600,1133,370
381,559.5112800372495,639.8985061909536,120.91528239202658,602,1133,370
382,561.3504697213723,642.4074002507591,120.91528239202658,602,1131,371
383,562.9687259104555,644.3598559637046,121.33443708609272,604,1130,372
384,564.6376993442134,646.5354301098777,121.76237623762377,606,1130,372
385,566.239516562921,648.299659890587,123.02124183006536,612,1131,373
386,568.0658225493441,649.7270080250715,123.65691056910569,615,1132,373
387,569.6498952364102,651.747207950366,124.15235008103728,617,1135,373
388,571.4091831788229,653.3606065198409,125.34083601286174,622,1130,373
389,572.8003211185047,654.5931311723897,126.49760765550239,627,1129,375
390,574.6297535032746,656.5222170112233,127.01589825119237,629,1127,376
391,576.1600236523316,657.7045458831649,127.46434231378764,631,1126,376
392,577.788755277666,659.3909977307428,127.87835703001579,633,1126,376
393,579.3801010145121,661.8437505479563,128.13406940063092,634,1128,376
394,581.0456575591534,664.2879872410714,128.83830455259027,637,1123,376
395,582.7838836906695,666.3951421319367,128.83830455259027,637,1124,376
396,584.398271469192,668.5404477490747,129.74102964118563,641,1123,376
397,586.4323425240194,670.5304029059826,129.74102964118563,641,1123,377
398,587.9841111054773,671.8716738315329,130.19284603421463,643,1122,377
399,589.6426807893839,673.4311519569866,130.6124031007752,645,1123,377
400,591.07017263834,675.6291136622838,130.8684210526316,646,1120,378
401,592.5312357835334,677.752686135306,131.78153846153847,650,1119,378
402,593.9444851877048,679.3767672015423,131.98617511520737,651,1118,379
403,595.6835712566028,681.3767736206129,132.4042879019908,653,1119,379
404,597.4973952334194,683.2631559467251,132.74198473282442,655,1118,379
405,599.2576851029012,685.4588087201605,133.15829528158295,657,1118,379
406,601.1298226450627,687.5258117631332,133.56904400606982,659,1117,379
407,602.8702170958447,689.5188574851134,133.90771558245083,661,1117,379
408,604.5882136442422,691.3789754415695,134.52861445783134,664,1118,379
409,606.1847731421301,692.7754891094443,134.73233082706767,665,1116,379
410,608.0007024018076,694.0101775611613,135.10194902548724,667,1117,379
411,609.7588212919538,696.1204834354913,135.30838323353294,668,1117,380
412,611.6584729985263,697.7003806969103,135.30838323353294,668,1117,380
413,613.2532613737067,700.181683887823,135.51569506726457,669,1117,381
414,614.8429011512308,701.944180595503,136.39078751857355,673,1116,381
415,616.1656662552467,703.839352599258,136.59643916913947,674,1114,381
416,617.8640090663765,705.881315982078,136.80592592592592,675,1110,382
417,619.4079561065589,707.8833606922578,137.47197640117994,678,1112,382
418,620.9889252919709,710.3466517431784,138.13950073421438,681,1110,381
419,622.7129496660391,712.4238690600047,138.13950073421438,681,1111,381
420,624.4667356682514,714.4054162734624,138.72222222222223,684,1113,380
421,626.5860973459116,716.1323902368769,139.2707423580786,687,1112,380
422,628.3333662771965,718.2001414841968,139.51598837209303,688,1113,380
423,629.9030268173316,721.0192178996232,139.97101449275362,690,1114,380
424,631.6119311485879,723.3221514408599,140.5873015873016,693,1114,380
425,633.2959499657127,724.8835786663001,140.92230215827337,695,1113,380
426,634.9367108630156,726.8937588871368,141.33859397417504,697,1111,380
427,636.768879501822,728.7221216211324,141.33859397417504,697,1112,380
428,638.2011601282701,730.6761860966067,141.5057306590258,698,1112,381
429,639.9068652562128,732.4204177649385,141.5057306590258,698,1113,382
430,641.733804410315,734.7956488261981,142.09700427960058,701,1112,383
431,643.3161639386395,736.9966144643142,142.34900284900286,702,1110,383
432,645.2195393820217,739.330020454516,142.89645390070922,705,1107,384
433,646.7976870355217,741.3473208020506,143.10623229461757,706,1108,385
434,648.6571921939341,743.233843677598,143.10623229461757,706,1107,385
435,650.3507921518428,745.3322897017215,143.27439886845826,707,1109,385
436,652.0756480198957,747.0417115750466,143.8676056338028,710,1106,386
437,653.858269689592,749.0174840334976,144.29073033707866,712,1106,386
438,655.4096489274299,750.628205482605,144.75350140056022,714,1102,386
439,656.9293210009016,752.4166779881493,145.55988857938718,718,1103,387
440,658.8892700876914,753.7245850720076,145.55988857938718,718,1103,387
441,660.7580065818684,756.2257025130717,146.36288088642658,722,1101,387
442,662.8604472595024,758.7629038100249,146.61272475795298,723,1103,387
443,664.2609047832038,761.0754478961237,147.03310344827585,725,1104,387
444,666.0773463323508,762.9528301607718,147.20110192837467,726,1104,387
445,667.5313922136402,764.6155668082773,147.41265474552958,727,1105,387
446,669.2398099800429,766.7002920948736,148.0013698630137,730,1106,387
447,670.8252429968009,768.6872868877671,148.67530695770805,733,1106,387
448,672.4277541431928,770.4347633261359,148.92370572207085,734,1104,387
449,674.4578884762942,771.6868393589567,148.92370572207085,734,1105,388
450,676.4343189867088,773.3719147374105,149.42798913043478,736,1106,388
451,678.3437861064828,774.6670329321458,149.8130081300813,738,1108,389
452,679.7554439415006,776.8527863898217,150.57951482479785,742,1108,389
453,681.5259490482656,779.0167717986493,151.0013440860215,744,1108,389
454,683.2620150760899,780.7991667096305,151.21342281879194,745,1110,390
455,685.092983125298,782.6972086871915,151.46380697050938,746,1107,390
456,686.5825531927786,784.1888850954483,151.8114973262032,748,1106,390
457,688.4628743437082,786.0459601535621,152.27066666666667,750,1103,391
458,690.2960141325766,787.9348103502814,152.27066666666667,750,1099,391
459,691.7676908902791,789.8268474259744,152.65824468085106,752,1099,392
460,693.6457431069805,792.2491560411302,152.83266932270917,753,1101,392
461,695.4400940305751,793.868806922745,153.04641909814325,754,1100,391
462,697.2398513008975,795.3891764961038,153.43650793650792,756,1099,391
463,698.7620700719348,797.2409323395648,153.6116248348745,757,1097,391
464,700.3918567672104,799.001294356358,154.04084321475625,759,1096,391
465,701.9933027516331,801.1422188652008,154.04084321475625,759,1097,391
466,703.4900613571455,803.3197666040381,154.39421813403416,761,1097,392
467,704.8828501152348,805.4615405674721,154.6482939632546,762,1099,392
468,706.6417451039025,807.7954936356033,154.90301441677587,763,1098,392
469,708.4010755795249,809.9417004681379,155.37385620915032,765,1099,393
470,709.99696018976,811.5695436553472,155.84745762711864,767,1097,393
471,711.7616253337538,813.3716285855851,156.06510416666666,768,1095,393
472,713.3715717177192,814.8619420736104,156.75616083009078,771,1097,394
473,714.9724201554671,816.5069207603174,157.01295336787564,772,1098,393
474,716.8802742741459,818.2086285520347,157.23027166882278,773,1099,393
475,718.3004288659566,820.0859160206118,157.62967741935483,775,1101,392
476,719.9872492585826,822.2486919042192,158.01930501930502,777,1100,392
477,721.4216730260919,824.6573237513007,158.01930501930502,777,1098,392
478,722.877082140356,826.4244959781098,159.07800511508952,782,1095,392
479,724.4915466861418,828.7809188350914,159.47576530612244,784,1097,392
480,726.3480629555384,830.3922510683449,160.20711562897077,787,1097,392
481,728.2630989416914,833.1882911883954,160.63498098859316,789,1098,392
482,729.8713173714955,835.2337309699826,160.773417721519,790,1100,392
483,731.2478271783842,837.1184464249873,160.93046776232617,791,1102,393
484,732.9560854817408,838.7255174148698,161.79748427672956,795,1098,391
485,734.1470418749869,840.6049567061696,162.19196988707654,797,1100,391
486,735.8330378668437,842.7462344285766,162.19196988707654,797,1101,390
487,737.444422911504,844.7904767916032,163.13982521847691,801,1100,389
488,739.2517772821601,847.213958189057,163.3940149625935,802,1099,388
489,740.8802753535247,849.4936411171886,163.54545454545453,803,1100,386
490,742.5987908819081,851.4510988362439,163.54545454545453,803,1101,385
491,743.9701311328184,853.4020634138082,163.54545454545453,803,1100,384
492,745.6976164955294,855.4750898899403,163.92298136645962,805,1100,382
493,747.008444151467,857.5033719707427,163.92298136645962,805,1099,381
494,748.7737263321906,859.1543553461963,164.885043263288,809,1099,383
495,750.601269872049,861.6713519037481,164.885043263288,809,1099,383
496,752.3865764497791,864.2967448227486,165.10493827160494,810,1100,383
497,754.3255923070185,866.3202520131653,165.63468634686348,813,1099,382
498,755.7976902278225,868.0823105754281,166.2610294117647,816,1098,383
499,757.637821137214,870.1944458404016,166.70293398533008,818,1094,383
500,759.2379510437372,871.9751887271565,166.9206349206349,819,1091,383
501,761.4035607692144,873.6356505377926,167.17926829268293,820,1089,383
502,763.1770273633279,876.2891199488793,167.17926829268293,820,1089,384
503,764.5753531407757,878.5146436848152,167.17926829268293,820,1090,383
504,766.4040989486957,880.7960024921242,167.442143727162,821,1089,383
505,767.9090129565978,882.0620475358477,168.32484848484847,825,1088,383
506,769.4179300386893,883.4965052776611,168.47457627118644,826,1087,383
507,771.0128582832127,885.426439204274,169.4789410348977,831,1086,383
508,772.5342191805155,887.4277594887164,169.62259615384616,832,1085,384
509,774.1677024263049,889.9216578105982,169.76590636254502,833,1084,385
510,775.8516851077063,892.2562979121087,169.76590636254502,833,1084,384
511,777.5369178789445,894.5191570812794,169.98681055155876,834,1085,383
512,779.4348372640105,896.9904406491203,170.20958083832335,835,1087,383
513,781.3191241683015,898.9342579494638,170.9200477326969,838,1087,383
514,782.8521662224531,901.1343691519088,171.7957244655582,842,1085,383
515,784.6867864812702,903.2945253849058,171.7957244655582,842,1084,383
516,786.3272138100417,905.3916828665473,172.78512396694214,847,1084,384
517,787.9060928569457,907.6559989592771,172.78512396694214,847,1084,384
518,789.6109641493127,909.6530567565675,172.78512396694214,847,1087,384
519,791.3111312805632,912.2570800361663,173.30977620730272,849,1087,384
520,793.2224159314524,913.8647926234689,174.493567251462,855,1087,384
521,794.871601699937,915.5587429239622,174.493567251462,855,1087,384
522,796.7117386720639,917.5038396305775,175.1002331002331,858,1086,384
523,798.4767668187851,919.627868896351,175.32130384167635,859,1089,386
524,800.2640565752238,922.2515886542733,175.32130384167635,859,1087,386
525,801.843475008291,924.3707084238681,176.36268829663962,863,1087,386
526,803.1443320453138,925.8234661894392,176.36268829663962,863,1087,386
527,804.9072233060513,928.0284513483773,176.49305555555554,864,1084,386
528,806.4533563231086,930.1483166062249,176.49305555555554,864,1081,386
529,808.1816697429514,932.6175469289337,177.20415224913495,867,1083,386
530,809.8121260866073,935.056382208872,177.7264367816092,870,1083,386
531,811.5316047680132,937.4315570049511,178.0619266055046,872,1083,386
532,813.2992602268339,939.980600839035,178.28293241695303,873,1082,386
533,815.0172534602544,941.5673459815127,178.50686498855836,874,1085,387
534,816.6141553062722,943.8182994467097,178.84931506849315,876,1082,387
535,818.287581293582,945.8934596962047,179.7,880,1080,387
536,819.7578706997365,948.1375843051811,180.29898074745188,883,1081,387
537,821.1139310791674,949.8444112339325,180.29898074745188,883,1084,388
538,822.8378166138602,951.8621977731592,180.7864406779661,885,1079,388
539,824.4621481271029,953.8487970197855,181.271702367531,887,1079,388
540,826.3172293080701,955.7238720626478,181.38513513513513,888,1079,388
541,827.8611370209251,957.8486940379576,181.86966292134832,890,1078,389
542,829.2591164758869,959.6235949319419,182.1324354657688,891,1078,389
543,830.8171679785421,960.8998391215143,182.50727883538633,893,1077,389
544,832.1598644757742,962.773396272573,182.7304250559284,894,1078,389
545,833.8965101602996,964.5500744397667,183.5417130144605,899,1076,389
546,835.2551600675596,966.5104530708987,183.8756936736959,901,1076,389
547,836.9803954383593,968.6582206828353,184.20487264673312,903,1074,389
548,838.5938784897356,970.4831741918499,184.42809734513276,904,1075,389
549,840.2672757116158,971.8301500115708,185.05733186328555,907,1077,389
550,842.1428306456095,973.4147065026805,185.05733186328555,907,1080,389
551,843.7083412406727,975.5758574672094,185.3215859030837,908,1080,389
552,845.5800657758722,977.2972273252717,185.54345434543455,909,1078,389
553,847.1304509957534,979.3397045030666,185.8087912087912,910,1079,389
554,848.7998576609893,981.5495533172809,186.74398249452955,914,1072,389
555,850.4459399612876,983.5752369841921,186.82950819672132,915,1075,389
556,852.0216344906471,985.050894236694,187.27480916030535,917,1074,389
557,853.7769274664709,987.3070523473843,188.05869565217392,920,1074,389
558,855.6079339873755,988.9764703418903,188.05869565217392,920,1074,389
559,857.1586793415202,991.0552721159561,188.14657980456025,921,1073,389
560,858.6269695352976,993.4314362236853,188.70238095238096,924,1072,389
561,860.2716123628147,995.3632405059836,188.92648648648648,925,1070,389
562,861.8048584651274,997.612894939871,189.10895361380798,927,1070,389
563,863.4694441873769,1000.2160888535944,189.29924650161465,929,1070,389
564,864.9761418823808,1002.2759629701454,189.5247311827957,930,1069,389
565,866.5742484286662,1004.2807172077079,189.62298603651988,931,1065,389
566,868.125294034195,1006.3375538362017,190.6965811965812,936,1064,390
567,869.6897595386637,1009.1309042490237,191.28966986155484,939,1063,391
568,871.3764035463633,1010.54816852135,191.55531914893618,940,1061,391
569,872.8781216214554,1012.4145268006811,191.91825902335455,942,1064,391
570,874.4898766919115,1014.5485770023504,192.22563559322035,944,1065,391
571,876.2583325120181,1016.7495499953587,192.52486772486773,945,1064,392
572,877.6474823612805,1019.0043794380598,192.52486772486773,945,1061,392
573,879.1230246129614,1020.8422750904691,192.79281183932346,946,1061,392
574,880.7433031132183,1023.2192352246119,193.02006335797253,947,1059,393
575,882.3264429382901,1025.5576679470867,193.2879746835443,948,1059,393
576,883.947897615524,1027.6547258609235,194.34138655462183,952,1057,393
577,885.6622292075186,1030.3812126211712,194.6425576519916,954,1057,393
578,887.3721083975677,1032.6050221268379,195.31870428422152,957,1055,393
579,889.2975206764128,1034.5494112152517,196.03541666666666,960,1055,393
580,890.8090063202366,1036.8618555579326,197.47308488612836,966,1056,393
581,892.4500559266224,1038.9179849294749,197.8202479338843,968,1061,394
582,894.3013997462482,1040.5607543423544,197.8202479338843,968,1062,394
583,895.8092899165302,1042.6764317299098,198.48094747682802,971,1060,394
584,897.5964150457031,1044.6704414010758,198.55864197530863,972,1059,394
585,899.0702414408114,1047.3097860740438,198.63309352517985,973,1060,394
586,900.8766622795786,1049.63900803706,199.41495901639345,976,1058,394
587,902.4699698682388,1052.1799653214239,199.9744637385087,979,1056,395
588,904.0611675573678,1054.1293835366864,200.5600814663951,982,1053,395
589,905.8222048867901,1056.3757024355816,201.42335025380711,985,1051,395
590,907.5745253391946,1058.7302698681417,202.42366026289181,989,1051,395
591,909.2183449984299,1060.1490271555515,202.91927346115034,991,1053,395
592,910.572398180523,1062.3855675870614,203.2074521651561,993,1054,395
593,912.1379030629175,1063.7307914756987,204.31663326653307,998,1053,396
594,913.6138812135966,1065.879775590539,204.609,1000,1053,396
595,915.3819528117657,1067.217332987411,205.40279162512462,1003,1054,396
596,916.8725512663043,1068.8432775454596,205.40279162512462,1003,1056,396
597,918.4428416133128,1071.1354804097296,205.88059701492537,1005,1055,396
598,920.3238500386168,1073.1383688860114,205.88059701492537,1005,1055,396
599,921.7897958857442,1074.773262269845,206.95643564356436,1010,1054,397
600,923.4990493150067,1076.5821888377207,207.67028627838104,1013,1054,397
601,925.0874355698674,1078.8734494837167,207.88560157790928,1014,1056,397
602,926.4825698180821,1080.508383022916,208.8577036310108,1019,1056,398
603,928.3234225731655,1082.0557301256113,208.8577036310108,1019,1060,398
604,929.9274222790646,1084.0207266689065,209.95703125,1024,1065,399
605,931.4559022724922,1085.6287061779599,210.47563352826512,1026,1065,399
606,932.908102878994,1088.1575518106306,210.47563352826512,1026,1067,400
607,934.7075433274373,1089.7616096925917,210.5462512171373,1027,1069,403
608,936.4076840004021,1091.9730813738847,210.62062256809338,1028,1072,404
609,938.3432168785691,1093.892882866645,210.62062256809338,1028,1074,405
610,939.9570204235015,1095.7717710955044,211.56050338818974,1033,1076,405
611,941.580879497208,1097.9508588251813,211.89468599033816,1035,1078,407
612,943.383163754138,1099.2893035911195,212.41562198649953,1037,1080,408
613,944.5847974259098,1101.342958434067,213.10865384615386,1040,1084,408
614,946.3928654080926,1103.1635006056856,213.1853986551393,1041,1083,409
615,948.0412614712043,1105.4306680113086,213.1853986551393,1041,1085,409
616,950.1874857048862,1107.6676342726166,214.21032504780115,1046,1083,409
617,951.9096771672358,1109.1669921874914,214.21032504780115,1046,1087,411
618,953.3982112740393,1110.8770449795365,214.87714285714284,1050,1085,411
619,955.2172073474245,1113.6342901077294,215.30893536121673,1052,1089,412
620,956.8079329959909,1115.1935591913812,215.59487666034155,1054,1091,413
621,958.5856369047966,1117.162499883234,215.8094786729858,1055,1090,413
622,960.0360831224434,1118.8243485907092,216.0255681818182,1056,1091,413
623,961.5872783892937,1121.0145301009234,216.31379962192815,1058,1093,414
624,963.2471826793892,1123.2938987024547,216.31379962192815,1058,1096,415
625,964.7826247245356,1125.1987974546198,216.64905660377357,1060,1100,416
626,966.5847783970638,1127.1131082054865,217.41729323308272,1064,1101,416
627,968.2155506085246,1128.9610061096328,217.41729323308272,1064,1101,418
628,969.6474133403788,1130.70376387023,218.18539325842696,1068,1105,419
629,971.4990011167723,1132.7333630203937,218.52242990654204,1070,1107,421
630,973.0431888688306,1135.1100668340764,218.59477124183007,1071,1114,425
631,974.9667197387384,1137.2101425480184,219.1192917054986,1073,1116,425
632,976.6172892022636,1139.3166975942831,219.1192917054986,1073,1120,426
633,978.0564024751542,1140.7422974148508,219.4567441860465,1075,1127,426
634,979.7395802507388,1142.7530614919874,219.6700743494424,1076,1132,427
635,981.130149054888,1145.0139890372802,219.88857938718664,1077,1139,429
636,982.6597173280493,1147.1499884485443,219.88857938718664,1077,1143,431
637,984.0920380939441,1149.385610607135,220.44537037037037,1080,1148,435
638,985.9268632501239,1151.8262365328726,220.74029574861368,1082,1152,436
639,987.4861621368224,1153.3416036803765,220.9584487534626,1083,1159,436
640,989.0316448624765,1154.9891949728824,221.22324723247232,1084,1165,436
641,990.9811621446389,1157.047859120964,221.22324723247232,1084,1170,438
642,992.8533655026163,1159.4532108143644,221.50920810313076,1086,1174,441
643,994.3154796414972,1161.5994416971218,222.2988084326306,1091,1178,442
644,996.0933222051526,1163.3386472244833,223.23540145985402,1096,1188,443
645,997.6660374418365,1165.911055792101,223.56739526411658,1098,1195,445
646,999.5203146309211,1167.561337311933,223.56739526411658,1098,1202,447
647,1001.2658728225908,1168.9824949385281,224.0426497277677,1102,1214,448
648,1002.8821734621276,1170.923368016364,224.77828054298644,1105,1216,449
649,1004.5812635958778,1172.9814893328416,225.1074977416441,1107,1219,449
650,1005.9966729382935,1175.2428448834617,225.1074977416441,1107,1223,452
651,1007.6885600931392,1178.1287177566792,225.2443642921551,1109,1229,453
652,1009.2305300944276,1180.0877745594396,225.2443642921551,1109,1237,454
653,1010.7745904817132,1182.4685255689485,225.45405405405404,1110,1237,457
654,1012.5864178593429,1183.985503590871,225.73561151079136,1112,1250,458
655,1014.4115203453908,1185.7930769863585,225.73561151079136,1112,1259,459
656,1015.9424401453183,1187.931147145448,226.00179694519318,1113,1260,463
657,1017.5228864933686,1190.16043869285,226.26929982046678,1114,1264,465
658,1019.2604330676634,1192.2403822727726,226.4798206278027,1115,1270,467
659,1020.9139881411106,1193.450873889771,226.747311827957,1116,1271,471
660,1022.4161631889446,1195.444203269732,227.16815742397137,1118,1273,477
661,1023.9589379551393,1196.6385295725552,227.80017841213203,1121,1280,477
662,1025.6610871665068,1198.4995637234274,228.672,1125,1292,477
663,1027.0201056575527,1200.5171296522576,229.07712765957447,1128,1308,479
664,1028.8568753017116,1202.8713607004624,229.8321554770318,1132,1315,483
665,1030.5514526444838,1204.6881457877305,229.90114739629303,1133,1323,487
666,1032.2324379169215,1206.8820565731826,229.9726631393298,1134,1327,490
667,1034.1044430359307,1208.7316664937682,229.9726631393298,1134,1333,491
668,1035.7563409651946,1210.5409125350745,230.1850220264317,1135,1338,493
669,1037.5003554412206,1212.2901691293985,230.80860403863036,1139,1346,495
670,1039.297354315782,1214.1444081282868,230.88070175438597,1140,1361,500
671,1040.985280963169,1216.3389205115284,231.2985989492119,1142,1361,501
672,1042.6114465533944,1217.9266416127705,232.25130890052355,1146,1365,503
673,1044.1270348923338,1219.7412389288972,232.25130890052355,1146,1369,505
674,1045.9307787412329,1221.872806531973,232.31124673060157,1147,1372,506
675,1047.878407950519,1224.5418863919797,232.57926829268294,1148,1380,507
676,1049.5441929620245,1227.0483532578983,232.78938207136642,1149,1386,511
677,1051.5493413415513,1229.0510525850095,232.78938207136642,1149,1393,515
678,1053.4048822855502,1231.1176630522614,232.86434782608697,1150,1400,516
679,1054.8521972631847,1233.2837933754822,233.40901213171577,1154,1416,519
680,1056.537180275416,1234.871358665356,233.94723183391002,1156,1422,523
681,1058.021232902942,1236.1856294314641,234.1486603284356,1157,1432,530
682,1059.6750240149406,1237.5242461850503,234.1486603284356,1157,1438,533
683,1061.1537497377262,1239.3261181948417,234.3566493955095,1158,1444,534
684,1062.5512796232422,1242.1594231653435,234.69396551724137,1160,1454,535
685,1064.1853630036453,1244.3311508565555,235.3104041272571,1163,1462,538
686,1065.7822541414616,1246.591402853524,235.5816151202749,1164,1465,539
687,1067.4840260932679,1248.303240993795,235.85236051502145,1165,1472,542
688,1068.8474889182353,1250.0103575912235,236.15582191780823,1168,1483,543
689,1070.88225726569,1252.0581119599383,236.3863247863248,1170,1492,547
690,1072.416014533558,1254.1235726314442,236.63566552901023,1172,1502,549
691,1074.2303666641264,1256.5604996616828,236.8909710391823,1174,1509,550
692,1075.8894621799104,1258.9932302742932,237.93214588634436,1179,1518,548
693,1077.3734511699531,1261.2031013327673,238.2658763759526,1181,1525,550
694,1079.357594126707,1262.9794312541408,238.2658763759526,1181,1532,551
695,1081.1326928550643,1264.8467123596151,238.46277495769883,1182,1540,553
696,1082.4260575379428,1266.7973911878996,238.46277495769883,1182,1544,553
697,1084.0281082315291,1268.438714946549,239.15767284991568,1186,1546,555
698,1085.697679854468,1270.3442856310207,239.45959595959596,1188,1551,557
699,1087.0338778008563,1272.18283432463,239.45959595959596,1188,1558,558
700,1088.6408567746248,1274.4947782150984,239.65264928511354,1189,1560,557
701,1090.0812162195903,1276.8316668906707,239.85474391267843,1191,1566,557
702,1091.8327540064483,1278.5768509548889,240.39899413243924,1193,1572,558
703,1093.3663200209774,1280.274379764607,240.80167364016737,1195,1576,558
704,1095.093357174414,1281.7160865011138,241.46327212020034,1198,1583,558
705,1096.888300116401,1283.6072558474837,241.46327212020034,1198,1586,559
706,1098.3836371980128,1285.7398005408593,241.91673605328893,1201,1591,562
707,1100.474910618399,1287.5890107474024,241.95178719867,1203,1595,563
708,1102.051257450905,1289.7053716887278,242.14285714285714,1204,1600,563
709,1103.7156656677378,1291.3292102928317,242.33333333333334,1206,1604,567
710,1105.222167599152,1293.8042663220199,242.51201325600664,1207,1603,570
711,1106.890502106214,1295.684718537602,242.52522746071133,1209,1615,570
712,1108.5346312310105,1296.79301081686,242.71345995045417,1211,1621,573
713,1110.240347569634,1298.491859140107,242.71345995045417,1211,1628,576
714,1111.956344431013,1300.5370111930044,242.72772277227722,1212,1635,577
715,1113.520836854592,1302.7931079948264,242.9349794238683,1215,1641,577
716,1115.1175510766261,1304.7339217779395,243.13475760065737,1217,1644,578
717,1116.6763630945914,1307.1844654280835,243.59064807219033,1219,1651,579
718,1118.0205299030406,1309.106445990681,243.86639344262295,1220,1654,580
719,1119.9003337747636,1310.5837681379098,244.31587561374795,1222,1658,581
720,1121.2384116753876,1313.1176727550571,244.48692810457516,1224,1657,580
721,1122.941129116489,1315.21631827795,244.9494290375204,1226,1655,579
722,1124.665680284887,1316.8891478066994,245.128664495114,1228,1654,579
723,1126.2636599348846,1318.9227836448363,245.58048780487806,1230,1653,580
724,1127.9179185535525,1321.0256162706085,245.8570268074736,1231,1653,580
725,1129.5091124267067,1323.460787006767,246.31630170316302,1233,1653,581
726,1130.9513934986444,1325.7703309038166,246.2995951417004,1235,1651,581
727,1132.3542782756788,1328.348843305002,246.57686084142395,1236,1649,581
728,1133.9295103737443,1330.899293798992,246.57316087308004,1237,1647,581
729,1135.4547967392107,1332.479355265727,246.57316087308004,1237,1646,581
730,1137.3002739662254,1334.4576249801646,247.01048387096773,1240,1644,581
731,1139.1904296865546,1335.8633402395178,247.4521319388576,1243,1645,581
732,1140.767285942074,1338.1904384175475,247.98314606741573,1246,1643,581
733,1142.5985849428976,1340.3609580918132,247.96952686447474,1247,1642,581
734,1144.1007683098671,1342.6223828210193,248.24759615384616,1248,1641,581
735,1145.8112018202598,1345.914940344481,248.9856230031949,1252,1640,581
736,1147.3015830113961,1347.9777249891404,248.9856230031949,1252,1637,582
737,1149.2006766222235,1349.6575183938057,248.9856230031949,1252,1634,582
738,1150.7540882993897,1351.621920176834,249.2905027932961,1253,1633,582
739,1152.533423739356,1353.3990581978778,249.2905027932961,1253,1632,582
740,1154.0827203728325,1356.1923040907618,249.4398406374502,1255,1631,582
741,1155.7456818050512,1358.3907246480062,249.76550079491255,1258,1632,582
742,1157.71497969117,1360.4260317908017,249.9388403494837,1259,1630,582
743,1159.3225174368654,1362.977183512991,250.2420634920635,1260,1629,582
744,1160.9774343679956,1365.02663827922,250.6988906497623,1262,1628,582
745,1162.8935294167406,1366.4669446997293,250.8756927949327,1263,1626,583
746,1164.2547498301312,1369.0831712072786,250.8756927949327,1263,1624,583
747,1165.73824911968,1370.9645874149417,251.26756116811364,1267,1623,583
748,1167.2211015765022,1372.7735011292066,251.43341213553978,1269,1622,584
749,1168.9900071338845,1375.2679310997532,251.43341213553978,1269,1618,584
750,1170.573787914717,1376.997776034528,251.9976396538159,1271,1616,584
751,1172.0949902344269,1378.759169304965,252.27987421383648,1272,1616,584
752,1173.8319773358326,1380.4855890408462,252.20313725490197,1275,1613,584
753,1175.5373779930308,1382.8658389772834,252.76742364917777,1277,1614,584
754,1176.872745679912,1385.7498397073082,253.11493354182954,1279,1614,584
755,1178.6156982154378,1387.917621345197,253.2591725214676,1281,1612,584
756,1180.3429764623152,1390.244230237523,253.2591725214676,1281,1611,584
757,1182.067935879704,1392.327592090084,253.53774319066147,1285,1611,584
758,1183.361842247121,1394.2536264279765,253.49611197511663,1286,1610,584
759,1184.9235458970663,1396.865088710416,253.59736229635377,1289,1609,584
760,1186.605866427979,1398.734512845803,254.04879938032533,1291,1610,584
761,1188.28982696261,1401.0156719309045,254.49961330239753,1293,1610,585
762,1189.8102439398483,1403.245076635181,254.49961330239753,1293,1606,585
763,1191.5534587228328,1404.955850586526,254.7836166924266,1294,1606,585
764,1193.1904291480841,1406.6476199998426,255.03009259259258,1296,1604,585
765,1195.1613264159857,1408.5147047393364,255.75923076923078,1300,1601,585
766,1196.9727114750146,1410.9977669832228,256.1006144393241,1302,1601,585
767,1198.7758995361214,1412.2328521437241,256.1006144393241,1302,1599,585
768,1200.547522357777,1413.3890343399974,256.8367816091954,1305,1596,585
769,1201.9081041485458,1415.2320670697588,256.8367816091954,1305,1594,585
770,1203.5305576971473,1417.225104200126,257.1209800918836,1306,1591,586
771,1205.1464740017286,1419.8331960831688,257.57186544342505,1308,1589,586
772,1206.9156967844006,1422.1135396636516,257.9022900763359,1310,1589,586
773,1208.735094881803,1424.0284284024021,257.9022900763359,1310,1588,586
774,1210.358415729419,1425.486433971228,258.0686498855835,1311,1584,586
775,1211.8076124545119,1427.5702311790233,258.2362804878049,1312,1582,586
776,1213.5465934292029,1429.3051790991053,258.18735719725817,1313,1581,586
777,1215.3070970799981,1431.0637171972958,258.63954372623573,1315,1581,586
778,1216.9649212013574,1432.8088662256105,258.9498480243161,1316,1580,586
779,1218.6965819474917,1435.06460413322,259.17285822592874,1319,1580,586
780,1220.6631245007263,1436.6892846566009,259.45984848484846,1320,1578,586
781,1222.1892584993107,1438.4410455705013,259.4292202876609,1321,1576,586
782,1223.8676302187237,1440.299144020102,260.03099017384733,1323,1575,586
783,1225.5103413593035,1442.5410545205002,260.28377358490565,1325,1573,586
784,1227.2236557084432,1444.596994830574,260.36897590361446,1328,1572,586
785,1229.1444439143686,1446.5240117283026,260.70451127819547,1330,1569,586
786,1230.7217735664321,1448.8061391837873,260.8019504876219,1333,1571,587
787,1232.5618181169518,1450.1895668296904,261.0892053973013,1334,1572,587
788,1234.5288681914017,1451.877249133352,262.1006711409396,1341,1571,587
789,1236.2626922121458,1453.415592114495,262.43410275502606,1343,1570,587
790,1238.1836202347865,1455.5665197362805,263.1708766716196,1346,1569,587
791,1239.6002447135943,1457.8503638909497,263.1708766716196,1346,1569,587
792,1240.9643559425542,1459.4588513699462,263.9080800593032,1349,1568,587
793,1242.7154785716368,1461.837087806611,264.08949704142015,1352,1568,587
794,1244.2808766262183,1463.447165961484,264.3747228381375,1353,1567,587
795,1246.0880989817538,1465.1353351524854,264.54209748892174,1354,1567,587
796,1247.7006734298684,1467.687855230459,265.1666666666667,1356,1565,587
797,1249.5599468764447,1470.108910957848,265.7378497790869,1358,1563,587
798,1251.1892610682826,1471.8789007770627,265.67844002943343,1359,1562,587
799,1252.8549835108283,1473.7048433399584,266.277736958119,1361,1562,587
800,1254.6911805854866,1476.051884495939,266.5726872246696,1362,1560,587
801,1256.0572102216695,1477.6774231029312,267.32307692307694,1365,1555,587
802,1257.6451297200117,1480.0575636429444,268.4981765134938,1371,1551,587
803,1259.4916165169393,1481.869107828454,269.0932265112892,1373,1550,587
804,1261.5590860085154,1483.4009412829841,269.0932265112892,1373,1549,587
805,1263.3974644554337,1485.5816069064872,269.4415395787945,1377,1549,587
806,1265.0741539552566,1487.7107268093494,269.3788098693759,1378,1546,587
807,1266.7534902213915,1489.245588842056,269.70652173913044,1380,1546,587
808,1268.5105290474423,1491.8486753545067,269.9493487698987,1382,1543,588
809,1270.2043327336214,1493.5876856897207,270.3959537572254,1384,1543,588
810,1271.9420019276977,1495.2213332288711,270.64285714285717,1386,1538,588
811,1273.341695252476,1496.8153459824748,270.8074981975487,1387,1540,588
812,1275.0868992651901,1498.5863376041866,271.3201438848921,1390,1540,588
813,1276.9609744939453,1500.1570845561719,271.62473040977716,1391,1538,588
814,1278.620632543068,1502.5249925387204,272.50501432664754,1396,1536,588
815,1280.2195153534692,1504.4186829001299,273.2423159399571,1399,1534,588
816,1281.904072907778,1506.2580539496234,273.7524964336662,1402,1533,588
817,1283.4563220318914,1508.1694210612504,274.19871794871796,1404,1532,588
818,1285.185001053163,1510.4453373696535,274.0817923186344,1406,1532,588
819,1286.7194621035164,1512.4603006837174,274.0817923186344,1406,1532,588
820,1288.5635776117626,1514.481160577115,275.25797306874557,1411,1532,588
821,1290.0904174885761,1516.5768637662484,275.713074204947,1415,1532,588
822,1291.734736821819,1519.027716944851,276.1601976005646,1417,1530,588
823,1293.1388304434613,1520.753466636501,277.0485573539761,1421,1528,588
824,1294.422515627824,1522.4959752005248,277.2116736990155,1422,1526,588
825,1296.1002602543083,1523.8518758367686,277.59719298245614,1425,1526,588
826,1297.5907401626398,1525.3360740240587,277.59719298245614,1425,1527,588
827,1299.5249388411867,1527.3394996977659,277.54137447405327,1426,1526,588
828,1301.0455784006376,1528.810274400014,277.54137447405327,1426,1522,589
829,1302.5909265899177,1531.077282017793,277.37368789363194,1429,1520,589
830,1304.2218769200404,1532.71628885919,277.48148148148147,1431,1520,589
831,1305.9005031454456,1534.9520388898436,277.64525139664806,1432,1517,589
832,1307.8015791365858,1536.8902735763795,278.2564459930314,1435,1518,589
833,1309.3396867622268,1538.1800370471383,278.2564459930314,1435,1515,590
834,1310.9097335967897,1539.8877221045357,278.7070285316632,1437,1511,590
835,1312.7480443675904,1541.0603867497719,278.6529902642559,1438,1508,590
836,1314.245071895553,1543.3459314784768,278.9826388888889,1440,1505,589
837,1315.9828249718282,1545.0869651121116,279.2678695350451,1441,1504,589
838,1317.4294583182593,1547.080720260062,279.2678695350451,1441,1499,588
839,1318.930023312043,1549.4942724234675,279.66274238227146,1444,1499,588
